Property,Value
PROTOCOL,AXI4
ID_WIDTH,5
ADDR_RANGES,1
LOOPBACK,0
MASTER_NAMES,SYS_MASTER RV_SOCKET_DATA RV_SOCKET_INSTR DBG_MASTER CDMA
RANGE_NAMES,         BRAM_0    DMmem     PBUS      CLINT     CDMA      HLSCONTROL   DDR4CH_1     HBUS        PLIC
RANGE_CLOCK_DOMAINS, MBUS_100  MBUS_100  MBUS_250  MBUS_100  MBUS_100  DDR4CH0_300  DDR4CH1_300  DDR4CH0_300 MBUS_100
RANGE_BASE_ADDR,     0x00000   0x10000   0x20000   0x30000   0x40000   0x50000      0x60000      0x80000     0x4000000
RANGE_ADDR_WIDTH,    16        16        16        16        16        16           16           16           26
